stage,round,lobby,map,game_id,player,discord_id,of_name,placement,points,placement_pts,top5_bonus,kill_pts,reach_bonus,kills,final_tiles,minutes,result,end_reason
Qualifier,R1,C1,Two Lakes,gPh49qES,[NRV] StanleyJJ,1028415610423627877,StanleyJJ,1,155,100,25,30,0,3,1773922,21.6,survived,DOMINATION
Qualifier,R1,C1,Two Lakes,gPh49qES,[UN] Boat,772554124779585556,Boat,2,146,98,18,30,0,3,241279,21.6,survived,DOMINATION
Qualifier,R1,C1,Two Lakes,gPh49qES,[JR] john_pn,1518011841891012648,john_pn,3,118,95,12,11,0,1,8888,21.6,survived,DOMINATION
Qualifier,R1,C1,Two Lakes,gPh49qES,Lunace,186880198816432128,Lunace,4,109,93,8,8,0,2,0,21.6,eliminated,DOMINATION
Qualifier,R1,C1,Two Lakes,gPh49qES,King Baldwin IV,1075043948910886982,King Baldwin IV,5,100,90,5,5,0,1,0,21.6,eliminated,DOMINATION
Qualifier,R1,C1,Two Lakes,gPh49qES,[NRV] Space_Sheeep,742709922915024948,Bob the Builder,6,104,88,0,16,0,2,0,21.0,eliminated,DOMINATION
Qualifier,R1,C1,Two Lakes,gPh49qES,Ankit,1532821882859028530,Ultimus_Rex Biggest Fan,7,98,85,0,13,0,1,0,20.4,eliminated,DOMINATION
Qualifier,R1,C1,Two Lakes,gPh49qES,stan,482536159721947136,stan,8,97,83,0,14,0,2,0,19.8,eliminated,DOMINATION
Qualifier,R1,C1,Two Lakes,gPh49qES,III,1533493260746756171,III,9,85,80,0,5,0,1,0,18.7,eliminated,DOMINATION
Qualifier,R1,C1,Two Lakes,gPh49qES,Tem,328522772588265472,Temmie,10,87,78,0,9,0,2,0,17.5,eliminated,DOMINATION
Qualifier,R1,C1,Two Lakes,gPh49qES,[UN] Sharktopus,160123158895132672,Sharktopus,11,76,76,0,0,0,0,0,17.5,eliminated,DOMINATION
Qualifier,R1,C1,Two Lakes,gPh49qES,[Xev]ラーメン,1251900133990465596,ramen,12,73,73,0,0,0,0,0,17.5,eliminated,DOMINATION
Qualifier,R1,C1,Two Lakes,gPh49qES,Mousekey,1521722112535171143,MouseKey,13,80,71,0,9,0,1,0,16.6,eliminated,DOMINATION
Qualifier,R1,C1,Two Lakes,gPh49qES,BojoJangles,551501271320887316,_0_Train Me,14,70,68,0,2,0,1,0,16.4,eliminated,DOMINATION
Qualifier,R1,C1,Two Lakes,gPh49qES,alt_number3,1271780747945967649,sylvan,15,69,66,0,3,0,1,0,16.1,eliminated,DOMINATION
Qualifier,R1,C1,Two Lakes,gPh49qES,serverstal,417320177894424576,Trueman,16,63,63,0,0,0,0,0,15.7,eliminated,DOMINATION
Qualifier,R1,C1,Two Lakes,gPh49qES,[LUX] capybarnia,1154874132488536154,capybarnia,17,61,61,0,0,0,0,0,15.5,eliminated,DOMINATION
Qualifier,R1,C1,Two Lakes,gPh49qES,Zukonius,825834271276269569,Zukonia,18,89,59,0,30,0,4,0,15.1,eliminated,DOMINATION
Qualifier,R1,C1,Two Lakes,gPh49qES,koreanguy,1105366732710871091,koreanguy,19,56,56,0,0,0,0,0,14.8,eliminated,DOMINATION
Qualifier,R1,C1,Two Lakes,gPh49qES,Scoots,309914802921406464,Scoots,20,59,54,0,5,0,2,0,14.5,eliminated,DOMINATION
Qualifier,R1,C1,Two Lakes,gPh49qES,Pastasauceror,201959888417456138,MooseEater,21,55,51,0,4,0,1,0,14.5,eliminated,DOMINATION
Qualifier,R1,C1,Two Lakes,gPh49qES,[JUICE] TGD,507930282590994444,TGD,22,49,49,0,0,0,0,0,14.3,eliminated,DOMINATION
Qualifier,R1,C1,Two Lakes,gPh49qES,griggaligga,947156766381183026,grandmastertiners,23,46,46,0,0,0,0,0,13.8,eliminated,DOMINATION
Qualifier,R1,C1,Two Lakes,gPh49qES,endermite,259771864014913536,Enderman,24,44,44,0,0,0,0,0,13.5,eliminated,DOMINATION
Qualifier,R1,C1,Two Lakes,gPh49qES,dandanua,351761707833753601,DandanUA,25,41,41,0,0,0,0,0,12.9,eliminated,DOMINATION
Qualifier,R1,C1,Two Lakes,gPh49qES,Peter the peter,1134529829455278120,Peter the peter,26,39,39,0,0,0,0,0,12.7,eliminated,DOMINATION
Qualifier,R1,C1,Two Lakes,gPh49qES,bro,449575918730739712,bro,27,37,37,0,0,0,0,0,11.6,eliminated,DOMINATION
Qualifier,R1,C1,Two Lakes,gPh49qES,ALT,1270468159765217331,ALT,28,34,34,0,0,0,0,0,11.6,eliminated,DOMINATION
Qualifier,R1,C1,Two Lakes,gPh49qES,Abyss,1412087715549413467,Abyss,29,32,32,0,0,0,0,0,11.0,eliminated,DOMINATION
Qualifier,R1,C1,Two Lakes,gPh49qES,Moros,825997127284686849,MommysLilStinker,30,33,29,0,4,0,1,0,9.7,eliminated,DOMINATION
Qualifier,R1,C1,Two Lakes,gPh49qES,Philosopher King,133749275262713856,KingKingKingKingKingKing,31,27,27,0,0,0,0,0,8.7,eliminated,DOMINATION
Qualifier,R1,C1,Two Lakes,gPh49qES,Boh Mingle,526441649060970511,A Aron,32,24,24,0,0,0,0,0,8.5,eliminated,DOMINATION
Qualifier,R1,C1,Two Lakes,gPh49qES,very.creative.name,1435336577999048711,send out troops,33,22,22,0,0,0,0,0,7.6,eliminated,DOMINATION
Qualifier,R1,C1,Two Lakes,gPh49qES,Icey,1192881696744427554,icey,34,20,20,0,0,0,0,0,7.2,eliminated,DOMINATION
Qualifier,R1,C1,Two Lakes,gPh49qES,Arkoos2011,1166660002342248551,arkoos2011,35,17,17,0,0,0,0,0,6.0,eliminated,DOMINATION
Qualifier,R1,C1,Two Lakes,gPh49qES,Mortal Hunger,363083015272005634,NoAlliances,36,15,15,0,0,0,0,0,5.9,eliminated,DOMINATION
Qualifier,R1,C1,Two Lakes,gPh49qES,Lumikanda,1310661686851538984,Muisca,37,12,12,0,0,0,0,0,5.6,eliminated,DOMINATION
Qualifier,R1,C1,Two Lakes,gPh49qES,DoingAllAsUsually,823438753212268544,doingAll,38,10,10,0,0,0,0,0,5.5,eliminated,DOMINATION
Qualifier,R1,C1,Two Lakes,gPh49qES,TheCopperBard | she/her,484170090980573185,TheCopperBard,39,7,7,0,0,0,0,0,5.1,eliminated,DOMINATION
Qualifier,R1,C1,Two Lakes,gPh49qES,Crow,559449843530072085,John Openfront,40,5,5,0,0,0,0,0,5.0,eliminated,DOMINATION
Qualifier,R1,C1,Two Lakes,gPh49qES,AnonZebra5,1405436535226105878,AnonZebra5,41,2,2,0,0,0,0,0,4.8,eliminated,DOMINATION
Qualifier,R1,C1,Two Lakes,gPh49qES,OneGuy,1177307985568075967,OneTraderGuy,42,0,0,0,0,0,0,0,3.4,eliminated,DOMINATION
Qualifier,R1,C2,Two Lakes,bzVUeLNV,[CYN] Bane,827209418537959434,Bane,1,139,100,25,14,0,2,1823288,23.0,survived,DOMINATION
Qualifier,R1,C2,Two Lakes,bzVUeLNV,[NRV] paragon,1422831611224916089,Ma1,2,145,97,18,30,0,7,433094,23.0,survived,DOMINATION
Qualifier,R1,C2,Two Lakes,bzVUeLNV,[DLUX] W4lle,467446206608572416,W4lle,3,127,94,12,21,0,2,0,23.0,eliminated,DOMINATION
Qualifier,R1,C2,Two Lakes,bzVUeLNV,Jonte,733433106907791481,Marata,4,105,91,8,6,0,2,0,18.8,eliminated,DOMINATION
Qualifier,R1,C2,Two Lakes,bzVUeLNV,[LBU] Zorbix,708624453579440218,Zorbit,5,123,88,5,30,0,5,0,16.9,eliminated,DOMINATION
Qualifier,R1,C2,Two Lakes,bzVUeLNV,[JR] DougyJR,355158630221479937,DougyJr,6,93,84,0,9,0,1,0,16.6,eliminated,DOMINATION
Qualifier,R1,C2,Two Lakes,bzVUeLNV,Fefty,1450233516112478389,A_c_A_b,7,81,81,0,0,0,0,0,16.1,eliminated,DOMINATION
Qualifier,R1,C2,Two Lakes,bzVUeLNV,[CYN] imperium romanum,1432038068977930250,imperium romanum,8,108,78,0,30,0,4,0,15.7,eliminated,DOMINATION
Qualifier,R1,C2,Two Lakes,bzVUeLNV,Pyrrha,1433879692506693835,devon,9,90,75,0,15,0,2,0,14.3,eliminated,DOMINATION
Qualifier,R1,C2,Two Lakes,bzVUeLNV,Kraken1as,1491805944227696711,Krakenias,10,72,72,0,0,0,0,0,14.3,eliminated,DOMINATION
Qualifier,R1,C2,Two Lakes,bzVUeLNV,[FISH] Cyanosis,306455054636941322,Cyanosis,11,80,69,0,11,0,1,0,13.9,eliminated,DOMINATION
Qualifier,R1,C2,Two Lakes,bzVUeLNV,[UN] Geographic Edits,1281977843210784832,Geographic Edits,12,66,66,0,0,0,0,0,13.6,eliminated,DOMINATION
Qualifier,R1,C2,Two Lakes,bzVUeLNV,keicaldera,977357589979471933,Empire of Kei,13,63,63,0,0,0,0,0,12.3,eliminated,DOMINATION
Qualifier,R1,C2,Two Lakes,bzVUeLNV,SalzykidLiveTV,547965102431666180,SalzykidLiveTV,14,69,59,0,10,0,1,0,12.2,eliminated,DOMINATION
Qualifier,R1,C2,Two Lakes,bzVUeLNV,SANCHO,527865982014849024,SANCHO,15,56,56,0,0,0,0,0,12.0,eliminated,DOMINATION
Qualifier,R1,C2,Two Lakes,bzVUeLNV,[CYN] Grandma Gary,649820310358720531,The Grandma Gary,16,75,53,0,22,0,2,0,11.3,eliminated,DOMINATION
Qualifier,R1,C2,Two Lakes,bzVUeLNV,LunaticWoda,163335521454653452,Woda,17,50,50,0,0,0,0,0,11.2,eliminated,DOMINATION
Qualifier,R1,C2,Two Lakes,bzVUeLNV,[LUX]A Wet Sandwich,292730970094829580,A Wet Sandwich,18,47,47,0,0,0,0,0,11.1,eliminated,DOMINATION
Qualifier,R1,C2,Two Lakes,bzVUeLNV,Egophobic,300694554645102602,Egophobic,19,44,44,0,0,0,0,0,11.1,eliminated,DOMINATION
Qualifier,R1,C2,Two Lakes,bzVUeLNV,Fraty,332487228263628801,Fraty,20,47,41,0,6,0,1,0,10.9,eliminated,DOMINATION
Qualifier,R1,C2,Two Lakes,bzVUeLNV,[AST] M613,1522972406224785541,M613,21,38,38,0,0,0,0,0,10.1,eliminated,DOMINATION
Qualifier,R1,C2,Two Lakes,bzVUeLNV,Harry!!,725159859200327700,DaddysLilChamp,22,34,34,0,0,0,0,0,10.0,eliminated,DOMINATION
Qualifier,R1,C2,Two Lakes,bzVUeLNV,canauos,1096739589026218124,PIERRECHARTIERX2007,23,31,31,0,0,0,0,0,8.6,eliminated,DOMINATION
Qualifier,R1,C2,Two Lakes,bzVUeLNV,[LBU] Anto,615190559543263242,Anto,24,28,28,0,0,0,0,0,8.1,eliminated,DOMINATION
Qualifier,R1,C2,Two Lakes,bzVUeLNV,roasted shark,862609729851359242,Milki,25,25,25,0,0,0,0,0,7.6,eliminated,DOMINATION
Qualifier,R1,C2,Two Lakes,bzVUeLNV,Void,1477987701834776617,friendly fire,26,22,22,0,0,0,0,0,7.3,eliminated,DOMINATION
Qualifier,R1,C2,Two Lakes,bzVUeLNV,2a1b0t,1126258297104760992,2a1b0t,27,19,19,0,0,0,0,0,7.0,eliminated,DOMINATION
Qualifier,R1,C2,Two Lakes,bzVUeLNV,Reagan Calamity,591647411982565387,Reaganomics,28,16,16,0,0,0,0,0,6.6,eliminated,DOMINATION
Qualifier,R1,C2,Two Lakes,bzVUeLNV,[NRV] pregnar,743505830019858462,pregnar,29,13,13,0,0,0,0,0,6.5,eliminated,DOMINATION
Qualifier,R1,C2,Two Lakes,bzVUeLNV,TimmyTemptation,696442050240839770,DaddysLilChamp,30,9,9,0,0,0,0,0,6.4,eliminated,DOMINATION
Qualifier,R1,C2,Two Lakes,bzVUeLNV,[ROYS]StrikingSpliff,708423113259483186,StrikingSpliff,31,6,6,0,0,0,0,0,5.6,eliminated,DOMINATION
Qualifier,R1,C2,Two Lakes,bzVUeLNV,GonOficially,862746432251756585,The Regime Again Bruh,32,3,3,0,0,0,0,0,3.9,eliminated,DOMINATION
Qualifier,R1,C2,Two Lakes,bzVUeLNV,Dariush,778241505436762162,Dxriush,33,0,0,0,0,0,0,0,1.3,eliminated,DOMINATION
Qualifier,R2,C6,Balkans,zWMbeqjj,Egophobic,300694554645102602,Egophobic,1,143,100,25,18,0,1,1461371,20.4,survived,DOMINATION
Qualifier,R2,C6,Balkans,zWMbeqjj,Ocho,418430269612359680,Ocho,2,146,98,18,30,0,6,305691,20.4,survived,DOMINATION
Qualifier,R2,C6,Balkans,zWMbeqjj,[EXL] Nvr_Kn,574550820306288641,Nvr_Kn,3,137,95,12,30,0,4,1179,20.4,survived,DOMINATION
Qualifier,R2,C6,Balkans,zWMbeqjj,Philosopher King,133749275262713856,KingKingKingKingKingKing,4,131,93,8,30,0,10,0,20.4,eliminated,DOMINATION
Qualifier,R2,C6,Balkans,zWMbeqjj,Fraty,332487228263628801,Fraty,5,125,90,5,30,0,5,0,17.0,eliminated,DOMINATION
Qualifier,R2,C6,Balkans,zWMbeqjj,[un] trueanon listener,352980512643612672,trueanon listener,6,88,88,0,0,0,0,0,15.9,eliminated,DOMINATION
Qualifier,R2,C6,Balkans,zWMbeqjj,jinkerthelinker,955977550402846732,idiot inc,7,85,85,0,0,0,0,0,14.7,eliminated,DOMINATION
Qualifier,R2,C6,Balkans,zWMbeqjj,sbpw,802257276266086411,III,8,87,83,0,4,0,2,0,14.6,eliminated,DOMINATION
Qualifier,R2,C6,Balkans,zWMbeqjj,[LBU] Ziyad,1042867662692302878,Ziyad,9,110,80,0,30,0,7,0,14.3,eliminated,DOMINATION
Qualifier,R2,C6,Balkans,zWMbeqjj,canauos,1096739589026218124,PIERRECHARTIERX2007,10,106,78,0,28,0,4,0,13.9,eliminated,DOMINATION
Qualifier,R2,C6,Balkans,zWMbeqjj,[LBU] Anto,615190559543263242,Anto,11,85,76,0,9,0,1,0,13.8,eliminated,DOMINATION
Qualifier,R2,C6,Balkans,zWMbeqjj,[LUX]A Wet Sandwich,292730970094829580,A Wet Sandwich,12,73,73,0,0,0,0,0,13.1,eliminated,DOMINATION
Qualifier,R2,C6,Balkans,zWMbeqjj,M0KD,962197984861376572,M0KD,13,95,71,0,24,0,3,0,13.0,eliminated,DOMINATION
Qualifier,R2,C6,Balkans,zWMbeqjj,BossRatt,846741479229751316,BossRatt,14,68,68,0,0,0,0,0,12.3,eliminated,DOMINATION
Qualifier,R2,C6,Balkans,zWMbeqjj,[NRV] pregnar,743505830019858462,pregnar,15,66,66,0,0,0,0,0,12.1,eliminated,DOMINATION
Qualifier,R2,C6,Balkans,zWMbeqjj,maxam737,1451997190695288894,Maxam737,16,63,63,0,0,0,0,0,11.7,eliminated,DOMINATION
Qualifier,R2,C6,Balkans,zWMbeqjj,[MOON] Supbro,1091868001109803080,SUPBRO,17,61,61,0,0,0,0,0,11.7,eliminated,DOMINATION
Qualifier,R2,C6,Balkans,zWMbeqjj,BorisTheCat,1255209032541540403,Belarus Empire,18,59,59,0,0,0,0,0,11.6,eliminated,DOMINATION
Qualifier,R2,C6,Balkans,zWMbeqjj,ALT,1270468159765217331,ALT,19,56,56,0,0,0,0,0,10.8,eliminated,DOMINATION
Qualifier,R2,C6,Balkans,zWMbeqjj,Grunka,1479840945129390252,Grunka,20,61,54,0,7,0,1,0,10.7,eliminated,DOMINATION
Qualifier,R2,C6,Balkans,zWMbeqjj,bobthopson,704419025349771334,bobthopson,21,51,51,0,0,0,0,0,9.9,eliminated,DOMINATION
Qualifier,R2,C6,Balkans,zWMbeqjj,Harry!!,725159859200327700,DaddysLilChamp,22,56,49,0,7,0,1,0,9.9,eliminated,DOMINATION
Qualifier,R2,C6,Balkans,zWMbeqjj,Shimbino,972169285331980368,Shimbino,23,46,46,0,0,0,0,0,9.6,eliminated,DOMINATION
Qualifier,R2,C6,Balkans,zWMbeqjj,Dhwwiaja,1037882613995679855,Dhwwiaja,24,44,44,0,0,0,0,0,9.4,eliminated,DOMINATION
Qualifier,R2,C6,Balkans,zWMbeqjj,TimmyTemptation,696442050240839770,DaddysLilChamp,25,46,41,0,5,0,1,0,9.4,eliminated,DOMINATION
Qualifier,R2,C6,Balkans,zWMbeqjj,TheCopperBard | she/her,484170090980573185,TheCopperBard,26,39,39,0,0,0,0,0,9.2,eliminated,DOMINATION
Qualifier,R2,C6,Balkans,zWMbeqjj,[ROYS]StrikingSpliff,708423113259483186,StrikingSpliff,27,37,37,0,0,0,0,0,8.5,eliminated,DOMINATION
Qualifier,R2,C6,Balkans,zWMbeqjj,YouBee,393943458181677056,YouBee,28,34,34,0,0,0,0,0,8.2,eliminated,DOMINATION
Qualifier,R2,C6,Balkans,zWMbeqjj,Crow,559449843530072085,John Openfront,29,32,32,0,0,0,0,0,8.2,eliminated,DOMINATION
Qualifier,R2,C6,Balkans,zWMbeqjj,Goku._.Blackk,1173726955779129344,imperial_cyrus,30,32,29,0,3,0,1,0,7.6,eliminated,DOMINATION
Qualifier,R2,C6,Balkans,zWMbeqjj,DoingAllAsUsually,823438753212268544,doingAll,31,27,27,0,0,0,0,0,7.5,eliminated,DOMINATION
Qualifier,R2,C6,Balkans,zWMbeqjj,Iridus434,397511270179405825,Iridus434,32,24,24,0,0,0,0,0,7.3,eliminated,DOMINATION
Qualifier,R2,C6,Balkans,zWMbeqjj,Mortal Hunger,363083015272005634,NoAlliances,33,22,22,0,0,0,0,0,7.3,eliminated,DOMINATION
Qualifier,R2,C6,Balkans,zWMbeqjj,Karma,1469644257785675789,KARMA,34,20,20,0,0,0,0,0,7.0,eliminated,DOMINATION
Qualifier,R2,C6,Balkans,zWMbeqjj,Lumikanda,1310661686851538984,Muisca,35,17,17,0,0,0,0,0,6.9,eliminated,DOMINATION
Qualifier,R2,C6,Balkans,zWMbeqjj,roasted shark,862609729851359242,Milki,36,15,15,0,0,0,0,0,6.8,eliminated,DOMINATION
Qualifier,R2,C6,Balkans,zWMbeqjj,Fleug,381299176199290880,Fleug,37,10,10,0,0,0,0,0,6.6,eliminated,DOMINATION
Qualifier,R2,C6,Balkans,zWMbeqjj,GonOficially,862746432251756585,The Regime Again Bruh,37,10,10,0,0,0,0,0,6.6,eliminated,DOMINATION
Qualifier,R2,C6,Balkans,zWMbeqjj,Reagan Calamity,591647411982565387,Reaganomics,39,7,7,0,0,0,0,0,5.2,eliminated,DOMINATION
Qualifier,R2,C6,Balkans,zWMbeqjj,AnonZebra5,1405436535226105878,AnonZebra5,40,5,5,0,0,0,0,0,5.2,eliminated,DOMINATION
Qualifier,R2,C6,Balkans,zWMbeqjj,Bugged,1533183154213486632,Long Homeland,41,2,2,0,0,0,0,0,4.0,eliminated,DOMINATION
Qualifier,R2,C6,Balkans,zWMbeqjj,SCRAP6821,1515531409656250501,CHICAGO BEARS,42,0,0,0,0,0,0,0,3.5,eliminated,DOMINATION
Qualifier,R3,C7,Montreal,yTTxd7BN,[CYN] imperium romanum,1432038068977930250,imperium romanum,1,155,100,25,30,0,8,418210,22.2,survived,DOMINATION
Qualifier,R3,C7,Montreal,yTTxd7BN,[LBU] Globi,305082654250762240,Globi,2,136,98,18,20,0,3,325971,22.2,survived,DOMINATION
Qualifier,R3,C7,Montreal,yTTxd7BN,Lunace,186880198816432128,Lunace,3,107,95,12,0,0,0,0,22.2,eliminated,DOMINATION
Qualifier,R3,C7,Montreal,yTTxd7BN,[UN] Geographic Edits,1281977843210784832,Geographic Edits,4,131,93,8,30,0,4,0,21.8,eliminated,DOMINATION
Qualifier,R3,C7,Montreal,yTTxd7BN,serverstal,417320177894424576,Trueman,5,100,90,5,5,0,1,0,21.6,eliminated,DOMINATION
Qualifier,R3,C7,Montreal,yTTxd7BN,Fraty,332487228263628801,Fraty,6,118,88,0,30,0,11,0,20.3,eliminated,DOMINATION
Qualifier,R3,C7,Montreal,yTTxd7BN,[NRV] StanleyJJ,1028415610423627877,StanleyJJ,7,116,86,0,30,0,4,0,17.8,eliminated,DOMINATION
Qualifier,R3,C7,Montreal,yTTxd7BN,[JR] DougyJR,355158630221479937,DougyJr,8,83,83,0,0,0,0,0,17.6,eliminated,DOMINATION
Qualifier,R3,C7,Montreal,yTTxd7BN,bobthopson,704419025349771334,bobthopson,9,81,81,0,0,0,0,0,15.4,eliminated,DOMINATION
Qualifier,R3,C7,Montreal,yTTxd7BN,Mousekey,1521722112535171143,MouseKey,10,109,79,0,30,0,4,0,13.9,eliminated,DOMINATION
Qualifier,R3,C7,Montreal,yTTxd7BN,alt_number3,1271780747945967649,sylvan,11,94,76,0,18,0,2,0,12.8,eliminated,DOMINATION
Qualifier,R3,C7,Montreal,yTTxd7BN,Goku._.Blackk,1173726955779129344,imperial_cyrus,12,80,74,0,6,0,1,0,11.9,eliminated,DOMINATION
Qualifier,R3,C7,Montreal,yTTxd7BN,sbpw,802257276266086411,III,13,95,71,0,24,0,3,0,11.3,eliminated,DOMINATION
Qualifier,R3,C7,Montreal,yTTxd7BN,Scoots,309914802921406464,Scoots,14,69,69,0,0,0,0,0,11.2,eliminated,DOMINATION
Qualifier,R3,C7,Montreal,yTTxd7BN,dandanua,351761707833753601,DandanUA,15,67,67,0,0,0,0,0,10.9,eliminated,DOMINATION
Qualifier,R3,C7,Montreal,yTTxd7BN,BorisTheCat,1255209032541540403,Belarus Empire,16,64,64,0,0,0,0,0,10.7,eliminated,DOMINATION
Qualifier,R3,C7,Montreal,yTTxd7BN,TheCopperBard | she/her,484170090980573185,TheCopperBard,17,62,62,0,0,0,0,0,10.2,eliminated,DOMINATION
Qualifier,R3,C7,Montreal,yTTxd7BN,keicaldera,977357589979471933,Empire of Kei,18,84,60,0,24,0,2,0,10.2,eliminated,DOMINATION
Qualifier,R3,C7,Montreal,yTTxd7BN,King Baldwin IV,1075043948910886982,King Baldwin IV,19,63,57,0,6,0,1,0,10.2,eliminated,DOMINATION
Qualifier,R3,C7,Montreal,yTTxd7BN,Harry!!,725159859200327700,DaddysLilChamp,20,55,55,0,0,0,0,0,9.9,eliminated,DOMINATION
Qualifier,R3,C7,Montreal,yTTxd7BN,Void,1477987701834776617,friendly fire,21,59,52,0,7,0,1,0,9.4,eliminated,DOMINATION
Qualifier,R3,C7,Montreal,yTTxd7BN,[LBU] Anto,615190559543263242,Anto,22,54,50,0,4,0,1,0,9.1,eliminated,DOMINATION
Qualifier,R3,C7,Montreal,yTTxd7BN,edito44,703319311325855894,Sanock,23,53,48,0,5,0,1,0,8.2,eliminated,DOMINATION
Qualifier,R3,C7,Montreal,yTTxd7BN,[DLUX] W4lle,467446206608572416,W4lle,24,45,45,0,0,0,0,0,8.1,eliminated,DOMINATION
Qualifier,R3,C7,Montreal,yTTxd7BN,Jonte,733433106907791481,Marata,25,43,43,0,0,0,0,0,7.9,eliminated,DOMINATION
Qualifier,R3,C7,Montreal,yTTxd7BN,Zukonius,825834271276269569,Zukonia,26,40,40,0,0,0,0,0,7.6,eliminated,DOMINATION
Qualifier,R3,C7,Montreal,yTTxd7BN,endermite,259771864014913536,Enderman,27,38,38,0,0,0,0,0,7.0,eliminated,DOMINATION
Qualifier,R3,C7,Montreal,yTTxd7BN,Mortal Hunger,363083015272005634,NoAlliances,28,36,36,0,0,0,0,0,6.8,eliminated,DOMINATION
Qualifier,R3,C7,Montreal,yTTxd7BN,Crow,559449843530072085,John Openfront,29,33,33,0,0,0,0,0,6.6,eliminated,DOMINATION
Qualifier,R3,C7,Montreal,yTTxd7BN,[JR] john_pn,1518011841891012648,john_pn,30,31,31,0,0,0,0,0,6.5,eliminated,DOMINATION
Qualifier,R3,C7,Montreal,yTTxd7BN,LunaticWoda,163335521454653452,Woda,31,29,29,0,0,0,0,0,6.2,eliminated,DOMINATION
Qualifier,R3,C7,Montreal,yTTxd7BN,[ROYS]StrikingSpliff,708423113259483186,StrikingSpliff,32,26,26,0,0,0,0,0,6.0,eliminated,DOMINATION
Qualifier,R3,C7,Montreal,yTTxd7BN,[un] trueanon listener,352980512643612672,trueanon listener,33,24,24,0,0,0,0,0,5.9,eliminated,DOMINATION
Qualifier,R3,C7,Montreal,yTTxd7BN,[UN] Sharktopus,160123158895132672,Sharktopus,34,22,21,0,1,0,1,0,5.3,eliminated,DOMINATION
Qualifier,R3,C7,Montreal,yTTxd7BN,bro,449575918730739712,bro,35,19,19,0,0,0,0,0,5.3,eliminated,DOMINATION
Qualifier,R3,C7,Montreal,yTTxd7BN,[FISH] Cyanosis,306455054636941322,Cyanosis,36,17,17,0,0,0,0,0,5.3,eliminated,DOMINATION
Qualifier,R3,C7,Montreal,yTTxd7BN,Pastasauceror,201959888417456138,MooseEater,37,14,14,0,0,0,0,0,5.2,eliminated,DOMINATION
Qualifier,R3,C7,Montreal,yTTxd7BN,griggaligga,947156766381183026,grandmastertiners,38,12,12,0,0,0,0,0,4.8,eliminated,DOMINATION
Qualifier,R3,C7,Montreal,yTTxd7BN,maxam737,1451997190695288894,Maxam737,39,10,10,0,0,0,1,0,4.7,eliminated,DOMINATION
Qualifier,R3,C7,Montreal,yTTxd7BN,GonOficially,862746432251756585,The Regime Again Bruh,40,7,7,0,0,0,0,0,4.4,eliminated,DOMINATION
Qualifier,R3,C7,Montreal,yTTxd7BN,Abyss,1412087715549413467,Abyss,41,5,5,0,0,0,0,0,4.2,eliminated,DOMINATION
Qualifier,R3,C7,Montreal,yTTxd7BN,Reagan Calamity,591647411982565387,Reaganomics,42,2,2,0,0,0,0,0,3.6,eliminated,DOMINATION
Qualifier,R3,C7,Montreal,yTTxd7BN,Leszy,544277575850000414,Seneca,43,0,0,0,0,0,0,0,1.5,eliminated,DOMINATION
Qualifier,R3,C8,Montreal,uWcTz1FE,canauos,1096739589026218124,PIERRECHARTIERX2007,1,155,100,25,30,0,5,465978,21.6,survived,DOMINATION
Qualifier,R3,C8,Montreal,uWcTz1FE,[Xev]ラーメン,1251900133990465596,ramen,2,145,98,18,29,0,2,460163,21.6,survived,DOMINATION
Qualifier,R3,C8,Montreal,uWcTz1FE,Trade_boy,1534133701468753990,Trade_boy,3,137,95,12,30,0,5,219255,21.6,survived,DOMINATION
Qualifier,R3,C8,Montreal,uWcTz1FE,BojoJangles,551501271320887316,_0_Train Me,4,131,93,8,30,0,2,0,21.6,eliminated,DOMINATION
Qualifier,R3,C8,Montreal,uWcTz1FE,[JUICE] TGD,507930282590994444,TGD,5,123,90,5,28,0,3,0,20.9,eliminated,DOMINATION
Qualifier,R3,C8,Montreal,uWcTz1FE,[NRV] INGSOC,1245186835597103177,INGSOC,6,118,88,0,30,0,5,0,20.2,eliminated,DOMINATION
Qualifier,R3,C8,Montreal,uWcTz1FE,Pyrrha,1433879692506693835,devon,7,109,85,0,24,0,3,0,19.3,eliminated,DOMINATION
Qualifier,R3,C8,Montreal,uWcTz1FE,[NRV] paragon,1422831611224916089,Ma1,8,113,83,0,30,0,6,0,16.3,eliminated,DOMINATION
Qualifier,R3,C8,Montreal,uWcTz1FE,stan,482536159721947136,stan,9,90,80,0,10,0,1,0,15.5,eliminated,DOMINATION
Qualifier,R3,C8,Montreal,uWcTz1FE,roasted shark,862609729851359242,Milki,10,78,78,0,0,0,0,0,14.1,eliminated,DOMINATION
Qualifier,R3,C8,Montreal,uWcTz1FE,Shimbino,972169285331980368,Shimbino,11,105,75,0,30,0,3,0,13.2,eliminated,DOMINATION
Qualifier,R3,C8,Montreal,uWcTz1FE,Kraken1as,1491805944227696711,Krakenias,12,90,73,0,17,0,2,0,12.1,eliminated,DOMINATION
Qualifier,R3,C8,Montreal,uWcTz1FE,[UN] Boat,772554124779585556,Boat,13,70,70,0,0,0,0,0,12.0,eliminated,DOMINATION
Qualifier,R3,C8,Montreal,uWcTz1FE,koreanguy,1105366732710871091,koreanguy,14,68,68,0,0,0,0,0,12.0,eliminated,DOMINATION
Qualifier,R3,C8,Montreal,uWcTz1FE,BossRatt,846741479229751316,BossRatt,15,74,65,0,9,0,1,0,11.9,eliminated,DOMINATION
Qualifier,R3,C8,Montreal,uWcTz1FE,[CYN] Bane,827209418537959434,Bane,16,63,63,0,0,0,0,0,11.6,eliminated,DOMINATION
Qualifier,R3,C8,Montreal,uWcTz1FE,Peter the peter,1134529829455278120,Peter the peter,17,71,60,0,11,0,1,0,11.6,eliminated,DOMINATION
Qualifier,R3,C8,Montreal,uWcTz1FE,Fefty,1450233516112478389,A_c_A_b,18,58,58,0,0,0,0,0,10.4,eliminated,DOMINATION
Qualifier,R3,C8,Montreal,uWcTz1FE,III,1533493260746756171,III,19,55,55,0,0,0,0,0,9.9,eliminated,DOMINATION
Qualifier,R3,C8,Montreal,uWcTz1FE,[LUX] capybarnia,1154874132488536154,capybarnia,20,58,53,0,5,0,1,0,9.9,eliminated,DOMINATION
Qualifier,R3,C8,Montreal,uWcTz1FE,Lumikanda,1310661686851538984,Muisca,21,50,50,0,0,0,0,0,9.8,eliminated,DOMINATION
Qualifier,R3,C8,Montreal,uWcTz1FE,[NRV] pregnar,743505830019858462,pregnar,22,48,48,0,0,0,0,0,9.6,eliminated,DOMINATION
Qualifier,R3,C8,Montreal,uWcTz1FE,eux,404261297577000990,Eux,23,52,45,0,7,0,1,0,9.4,eliminated,DOMINATION
Qualifier,R3,C8,Montreal,uWcTz1FE,Ankit,1532821882859028530,Ultimus_Rex Biggest Fan,24,43,43,0,0,0,0,0,9.1,eliminated,DOMINATION
Qualifier,R3,C8,Montreal,uWcTz1FE,Tem,328522772588265472,Temmie,25,40,40,0,0,0,0,0,8.9,eliminated,DOMINATION
Qualifier,R3,C8,Montreal,uWcTz1FE,SalzykidLiveTV,547965102431666180,SalzykidLiveTV,26,38,38,0,0,0,0,0,8.3,eliminated,DOMINATION
Qualifier,R3,C8,Montreal,uWcTz1FE,dr-youvi-avant,1126242935948709980,AnonyNomyNon,27,38,35,0,3,0,1,0,8.2,eliminated,DOMINATION
Qualifier,R3,C8,Montreal,uWcTz1FE,Dhwwiaja,1037882613995679855,Dhwwiaja,28,33,33,0,0,0,0,0,7.8,eliminated,DOMINATION
Qualifier,R3,C8,Montreal,uWcTz1FE,[NRV] Space_Sheeep,742709922915024948,Bob the Builder,29,30,30,0,0,0,0,0,7.2,eliminated,DOMINATION
Qualifier,R3,C8,Montreal,uWcTz1FE,M0KD,962197984861376572,M0KD,30,28,28,0,0,0,1,0,6.8,eliminated,DOMINATION
Qualifier,R3,C8,Montreal,uWcTz1FE,2a1b0t,1126258297104760992,2a1b0t,31,25,25,0,0,0,0,0,6.8,eliminated,DOMINATION
Qualifier,R3,C8,Montreal,uWcTz1FE,[CYN] Grandma Gary,649820310358720531,The Grandma Gary,32,23,23,0,0,0,0,0,6.6,eliminated,DOMINATION
Qualifier,R3,C8,Montreal,uWcTz1FE,[LUX]A Wet Sandwich,292730970094829580,A Wet Sandwich,33,20,20,0,0,0,0,0,6.4,eliminated,DOMINATION
Qualifier,R3,C8,Montreal,uWcTz1FE,[AST] M613,1522972406224785541,M613,34,18,18,0,0,0,0,0,6.1,eliminated,DOMINATION
Qualifier,R3,C8,Montreal,uWcTz1FE,[LBU] Ziyad,1042867662692302878,Ziyad,35,15,15,0,0,0,0,0,5.9,eliminated,DOMINATION
Qualifier,R3,C8,Montreal,uWcTz1FE,Fleug,381299176199290880,Fleug,36,13,13,0,0,0,0,0,5.8,eliminated,DOMINATION
Qualifier,R3,C8,Montreal,uWcTz1FE,Ignaszolo,1415314520926195875,Ignaszollo,37,10,10,0,0,0,0,0,4.8,eliminated,DOMINATION
Qualifier,R3,C8,Montreal,uWcTz1FE,Grunka,1479840945129390252,Grunka,38,8,8,0,0,0,0,0,4.7,eliminated,DOMINATION
Qualifier,R3,C8,Montreal,uWcTz1FE,Bugged,1533183154213486632,Long Homeland,39,5,5,0,0,0,0,0,4.7,eliminated,DOMINATION
Qualifier,R3,C8,Montreal,uWcTz1FE,Icey,1192881696744427554,icey,40,3,3,0,0,0,0,0,4.3,eliminated,DOMINATION
Qualifier,R3,C8,Montreal,uWcTz1FE,[LBU] Skaïlex,1034562165480357999,Skailex,41,0,0,0,0,0,0,0,2.3,eliminated,DOMINATION
Qualifier,R5,C12,Manicouagan,nMEcSUWB,M0KD,962197984861376572,M0KD,1,125,100,25,0,0,0,1174861,22.4,survived,DOMINATION
Qualifier,R5,C12,Manicouagan,nMEcSUWB,BorisTheCat,1255209032541540403,Belarus Empire,2,93,75,18,0,0,0,150061,22.4,survived,DOMINATION
Qualifier,R5,C12,Manicouagan,nMEcSUWB,Mortal Hunger,363083015272005634,NoAlliances,3,62,50,12,0,0,0,119673,22.4,survived,DOMINATION
Qualifier,R5,C12,Manicouagan,nMEcSUWB,ALT,1270468159765217331,ALT,4,33,25,8,0,0,0,0,22.4,eliminated,DOMINATION
Qualifier,R5,C12,Manicouagan,nMEcSUWB,[un] trueanon listener,352980512643612672,trueanon listener,5,5,0,5,0,0,0,0,10.9,eliminated,DOMINATION
Qualifier,R5,C13,Manicouagan,AG3kiroT,[LBU] Ziyad,1042867662692302878,Ziyad,1,125,100,25,0,0,0,1392557,1.1,survived,DOMINATION
Qualifier,R5,C13,Manicouagan,AG3kiroT,[JR] john_pn,1518011841891012648,john_pn,2,85,67,18,0,0,0,225719,1.1,survived,DOMINATION
Qualifier,R5,C13,Manicouagan,AG3kiroT,Dragamer,1297127079644758016,trinite et tobago,3,45,33,12,0,0,0,97448,1.1,survived,DOMINATION
Qualifier,R5,C13,Manicouagan,AG3kiroT,Heki,408301476041982011,Illyzar,4,8,0,8,0,0,0,0,1.1,eliminated,DOMINATION